{"today":[{"date":"Le samedi 24 janvier 2026 de  08:30:00 à  15:30:00","locality":"BAMBOUS","streets":"ALLEE TAMARIN, AVE VAUDAGNE, ALLEE JACQUES, AVE BOUNDARY, AVE BELLE ISLE, AVE DES MANGUIERS, AVE DE LINDEPENDENCE, WINNERS BAMBOUS, MORC BELLE ISLE OSMAN, MORC WINNERS ET UNE PARTIE DE LA BLACK RIVER ROAD BAMBOUS","district":"blackriver","from":"2026-01-24T04:30:00.000Z","to":"2026-01-24T11:30:00.000Z","id":"78120de96513a4a8bbb8cf4d95c3d612"},{"date":"Le samedi 24 janvier 2026 de  09:00:00 à  12:00:00","locality":"CLAVET","streets":"PART OF CLAVET","district":"flacq","from":"2026-01-24T05:00:00.000Z","to":"2026-01-24T08:00:00.000Z","id":"ac2c2450fcd05cf14aba428e07c14bfb"},{"date":"Le samedi 24 janvier 2026 de  10:00:00 à  11:30:00","locality":"TOMBEAU BAY","streets":"MORC MADHOO,MACADAM,NHDC","district":"pamplemousses","from":"2026-01-24T06:00:00.000Z","to":"2026-01-24T07:30:00.000Z","id":"862ddd2c53f3e5850e2b282234597677"},{"date":"Le samedi 24 janvier 2026 de  08:30:00 à  15:00:00","locality":"COROMANDEL - R.HILL","streets":"Pave dAmour, Ramnarain lane et les environs","district":"plainewilhems","from":"2026-01-24T04:30:00.000Z","to":"2026-01-24T11:00:00.000Z","id":"6a526f0b308bfdbe5c79458091a73585"},{"date":"Le samedi 24 janvier 2026 de  08:30:00 à  16:00:00","locality":"SAINT MARTIN R-HILL","streets":"Jardin St Martin, Porker, Ramnarain Rd et les environs","district":"plainewilhems","from":"2026-01-24T04:30:00.000Z","to":"2026-01-24T12:00:00.000Z","id":"6861ef63872e974bbcc1cc6916ad11c1"},{"date":"Le samedi 24 janvier 2026 de  08:30:00 à  16:00:00","locality":"PETIT CAMP","streets":"PETIT CAMP PHOENIX","district":"plainewilhems","from":"2026-01-24T04:30:00.000Z","to":"2026-01-24T12:00:00.000Z","id":"b23a2e8804ac66e76accac6bef106bdb"},{"date":"Le samedi 24 janvier 2026 de  08:30:00 à  17:00:00","locality":"FLOREAL","streets":"Angus Road, Lucien de Chazal Avenue, Riverwalk, Grannum Road, Dodo Lane, une partie de Suroop Lane, une partie de Beesoon Lane, Bryant Lane, Impasse Kasenally","district":"plainewilhems","from":"2026-01-24T04:30:00.000Z","to":"2026-01-24T13:00:00.000Z","id":"e6098b022b40b97b5db55c37a895390e"},{"date":"Le samedi 24 janvier 2026 de  09:00:00 à  13:00:00","locality":"RIVIERE DES ANGUILLES","streets":"MORC BEL AIR NHDC RIVIERE DES ANGUILLES","district":"savanne","from":"2026-01-24T05:00:00.000Z","to":"2026-01-24T09:00:00.000Z","id":"a0ab83dac88e7ffc1b7c77736ac0f591"},{"date":"Le samedi 24 janvier 2026 de  09:00:00 à  15:30:00","locality":"RIAMBEL","streets":"Riambel Surinam, Pomponette Riambel et Belle Vue Chemin Grenier","district":"savanne","from":"2026-01-24T05:00:00.000Z","to":"2026-01-24T11:30:00.000Z","id":"4e645fee8e36f2e31da835d9218d0427"},{"date":"Le samedi 24 janvier 2026 de  09:00:00 à  15:00:00","locality":"TYACK","streets":"Le village de Tyack","district":"savanne","from":"2026-01-24T05:00:00.000Z","to":"2026-01-24T11:00:00.000Z","id":"7c58a00b497c745eef1162e57c337b30"},{"date":"Le samedi 24 janvier 2026 de  09:00:00 à  14:00:00","locality":"OYSTER BAY(RODRIGUES)","streets":"ACCACIA, ALLE TAMARIN ET POINTE LAGUEL","district":"rodrigues","from":"2026-01-24T05:00:00.000Z","to":"2026-01-24T10:00:00.000Z","id":"b2d6c46c0945ea0945fe023e23bc58a5"}],"future":[{"date":"Le dimanche 25 janvier 2026 de  08:30:00 à  15:00:00","locality":"PETITE RIVIERE","streets":"DANS LES ENVIRONS DE ALBION ROAD, LOBIN LANE, NHDC VETIVER, MORC RAMDANEE, LA FORGE, FOYER FIAT ET UNE PARTIE DE LA ROUTE ROYALE","district":"blackriver","from":"2026-01-25T04:30:00.000Z","to":"2026-01-25T11:00:00.000Z","id":"2fd03f4ec8ba5e12cc6c2dcf68a30c7c"},{"date":"Le dimanche 25 janvier 2026 de  08:30:00 à  16:00:00","locality":"ROSE BELLE","streets":"Rose Belle habitant dans le périmètre et les rues suivantes: Marie Jeannie Road, ABSA Bank, CWA Office, State Bank, Vieux Moulin Mall, Police Head Quarters (South), Morcellement Orchidée, Morcellement Haton, une partie de Madam Lolo Street et une partie de la Route Royale Rose Belle","district":"grandport","from":"2026-01-25T04:30:00.000Z","to":"2026-01-25T12:00:00.000Z","id":"4b23ce7471d88e5ad0e02e6ea5b53f8f"},{"date":"Le dimanche 25 janvier 2026 de  08:30:00 à  15:00:00","locality":"CITE BARKLY","streets":"Prison Beau-Bassin, Ave Jasmin, Ave Cosmos, Ave Barkly Asylum, Res. Barkly, La Rue Herchenroder, MOA Barkly, Piscine Serge Alfred, RYC, Rivet et les environs","district":"plainewilhems","from":"2026-01-25T04:30:00.000Z","to":"2026-01-25T11:00:00.000Z","id":"586c09b308ce46266ab493d58a3cc19a"},{"date":"Le dimanche 25 janvier 2026 de  08:30:00 à  12:00:00","locality":"MONT ROCHES","streets":"Bakorysing, School Lane, Verge Bissambar, en partie Raymond Rivet et les environs","district":"plainewilhems","from":"2026-01-25T04:30:00.000Z","to":"2026-01-25T08:00:00.000Z","id":"adb32d97c99868402743f99da3a4e544"},{"date":"Le dimanche 25 janvier 2026 de  08:30:00 à  15:00:00","locality":"QUATRE-BORNES","streets":"Ave Beau Sejour, Wilson complex, Ave Colleville, en partie Ave Wilson et les environs","district":"plainewilhems","from":"2026-01-25T04:30:00.000Z","to":"2026-01-25T11:00:00.000Z","id":"f919c627218e4ca5aee5833e624a9fcc"},{"date":"Le dimanche 25 janvier 2026 de  12:00:00 à  16:00:00","locality":"HENRIETTA","streets":"Camp Mapou , Henrietta Village, Morcellement Seetaram, une partie de Camp-Roches, Camp Bellin No. 2 et No. 3, Cite EDC Henrietta, Camp Fidele","district":"plainewilhems","from":"2026-01-25T08:00:00.000Z","to":"2026-01-25T12:00:00.000Z","id":"ce4ea7afe9fde044d6611756d8b8eac0"},{"date":"Le dimanche 25 janvier 2026 de  09:00:00 à  15:30:00","locality":"HENRIETTA","streets":"NSLD BOARD CASCADE ET VRS BOARD CASCADE ET LES ENVIRONS","district":"plainewilhems","from":"2026-01-25T05:00:00.000Z","to":"2026-01-25T11:30:00.000Z","id":"db7c7a6624d96159caec8e3f2be58b3e"},{"date":"Le dimanche 25 janvier 2026 de  08:30:00 à  14:30:00","locality":"CUREPIPE","streets":"Flat La Marquise, Flat Eight Lights et Le Camelia","district":"plainewilhems","from":"2026-01-25T04:30:00.000Z","to":"2026-01-25T10:30:00.000Z","id":"94d62a69211a217bd22ed46f01f2bc95"},{"date":"Le dimanche 25 janvier 2026 de  08:30:00 à  15:30:00","locality":"16EME MILE","streets":"dans les périmètres et rues suivante : Village de 16eme Mille, Residence Anoushka et Morcellement Domah","district":"plainewilhems","from":"2026-01-25T04:30:00.000Z","to":"2026-01-25T11:30:00.000Z","id":"45b0fc87c1091f5857d02ca447189569"},{"date":"Le dimanche 25 janvier 2026 de  08:30:00 à  17:00:00","locality":"GLEN PARK","streets":"GLEN PARK/HENRIETTA:Camp Mumbai Nos. 1, 2, 3 et 4, Desvergues Road, Morcellement Malakoff, Rempart Road, Morcellement Edoo, Perrier Road, Railway Road, La Marie Road, NHDC Glen Park, Carreau Songe,  Morcellement  Galliot,  Nathoo Lane, une partie de Route Caldwell","district":"plainewilhems","from":"2026-01-25T04:30:00.000Z","to":"2026-01-25T13:00:00.000Z","id":"ae9dd8e231a220e7840d987bdf8faeca"},{"date":"Le dimanche 25 janvier 2026 de  08:30:00 à  15:00:00","locality":"SAINTE CROIX","streets":"DANS LES ENVIRONS DES RUES PAUL TAUREAU, MARIAMEN TEMPLE, COCOTERIE, DUCRAY, RESIDENCE BRIQUETTERIE, ABERCOMBIE, SAINTE MARIE, UDHIN LANE, SHIVALA ROAD ET RESIDENCE ROMA","district":"portlouis","from":"2026-01-25T04:30:00.000Z","to":"2026-01-25T11:00:00.000Z","id":"c1c5d48900dc8329e6e93ab1adef82bb"},{"date":"Le dimanche 25 janvier 2026 de  08:30:00 à  15:30:00","locality":"PETIT RAFFRAY","streets":"MON MASCAL PETIT RAFFRAY","district":"rivieredurempart","from":"2026-01-25T04:30:00.000Z","to":"2026-01-25T11:30:00.000Z","id":"d2cf10c4916d6f4d2616a60ca4947387"},{"date":"Le dimanche 25 janvier 2026 de  08:30:00 à  15:30:00","locality":"PEREYBERE","streets":"20 PIED ROAD, CASASOLA NO 2, MORCELLEMENT NORLAND AND MARGEOT","district":"rivieredurempart","from":"2026-01-25T04:30:00.000Z","to":"2026-01-25T11:30:00.000Z","id":"9e214a9855a48c2b69744dfcce41f38e"},{"date":"Le dimanche 25 janvier 2026 de  08:30:00 à  15:30:00","locality":"CALODYNE","streets":"ENTIERE REGION DE CALODYNE ET ST FRANCOIS","district":"rivieredurempart","from":"2026-01-25T04:30:00.000Z","to":"2026-01-25T11:30:00.000Z","id":"cb74dfd14a8f5e8f338a28f9167d36d1"},{"date":"Le lundi 26 janvier 2026 de  09:00:00 à  15:30:00","locality":"SOUILLAC","streets":"Morcellement Beluga Souillac","district":"savanne","from":"2026-01-26T05:00:00.000Z","to":"2026-01-26T11:30:00.000Z","id":"e9a258fff536797be429b9c10e3f6480"},{"date":"Le dimanche 25 janvier 2026 de  09:00:00 à  15:30:00","locality":"SURINAM","streets":"Le village de Surinam, Morcellement Thanacoody, Morcellement Lai Moon, Morcellement Dalais, Riambel Coast Road et NHDC Riambel","district":"savanne","from":"2026-01-25T05:00:00.000Z","to":"2026-01-25T11:30:00.000Z","id":"d45b7ce1a8119f50f1809c72ed3bcd73"},{"date":"Le dimanche 25 janvier 2026 de  09:00:00 à  15:00:00","locality":"SAINT AUBIN","streets":"Le village de St Aubin et de Rivières Des Anguilles de la région et périmètre de Senneville Road, Prud’homme Road, Maisonnette Road, Railway Road, Morc. BASF, ainsi qu’une partie de la Route Royale","district":"savanne","from":"2026-01-25T05:00:00.000Z","to":"2026-01-25T11:00:00.000Z","id":"77e2a72e6aaed540708aca8d0729c32d"}]}